URL,Title,Score,Target Keyword 1,Target Keyword 2,Target Keyword 3
https://www.maxima.ai/,Maxima | AI Accounting & Financial Close Automation Platform,85,AI accounting automation,accounting automation platform,financial close automation
https://www.maxima.ai/about,About Maxima | AI-Native Accounting Automation,87,maxima ai accounting automation,ai-powered accounting platform,about maxima
https://www.maxima.ai/articles/7-best-financial-close-software-solutions-to-evaluate-in-2026,7 best financial close software solutions to evaluate in 2026,86,financial close software,financial close software 2026,close management software
https://www.maxima.ai/articles/accuracy-in-accounting-why-ai-needs-more-than-intelligence,Accuracy in accounting: Why AI needs more than intelligence,66,AI in accounting accuracy,reliable AI accounting systems,accounting automation with agentic AI
https://www.maxima.ai/articles/ai-tools-for-accounting,"AI tools for accounting: best software, categories, and buyer guide (2026)",84,AI tools for accounting,AI accounting software,AI accounting buyer guide
https://www.maxima.ai/articles/ey-alumni-spotlight-maxima-ceo-yogi-goel,"EY Alumni spotlight: Maxima CEO, Yogi Goel",75,EY alumni spotlight Maxima CEO Yogi Goel,Maxima CEO Yogi Goel interview,AI accounting EY alumni spotlight
https://www.maxima.ai/articles/gorgias-on-the-forefront-of-accounting-automation-with-maxima,How Gorgias automated reconciliation and journal prep with Maxima,81,Gorgias accounting automation,accounting automation with Maxima,AI-powered accounting automation
https://www.maxima.ai/articles/how-rewst-automated-revenue-recognition-and-prepaids-with-maxima,How Rewst automated revenue recognition and prepaids with Maxima,74,revenue recognition automation,AI accounting automation,deferred revenue automation
https://www.maxima.ai/articles/how-rippling-built-sox-ready-cash-accounting-with-maxima,How Rippling built SOX-ready cash accounting with Maxima,83,SOX-ready cash accounting,bank ledger automation,AI-powered accounting
https://www.maxima.ai/articles/kleiner-perkins-investment-perspective,Maxima: Bringing AI agents to the heart of enterprise accounting,83,ai accounting software,enterprise accounting automation,ai-powered accounting platform
https://www.maxima.ai/articles/maxima-named-to-ai64-s-top-enterprise-ai-companies,Maxima named to AI64's top enterprise AI companies,82,Maxima named to AI64's top enterprise AI companies,AI64 top enterprise AI companies list,AI-native accounting automation
https://www.maxima.ai/articles/reuters-exclusive-maxima,AI accounting startup Maxima raises $41 million,80,Maxima AI accounting,AI accounting startup Maxima,Maxima raises $41 million
https://www.maxima.ai/articles/scale-ai-staying-ahead-of-the-gl-curve-with-maxima,How Scale AI achieved accuracy at billion-dollar scale with Maxima,77,Scale AI accounting automation,Maxima agentic accounting case study,AI-powered accounting automation
https://www.maxima.ai/articles/spoton-mastering-high-volume-cash-complexity-with-maxima,How SpotOn streamlined high volume cash complexity with Maxima,78,SpotOn case study Maxima,AI-powered accounting automation for SpotOn,cash reconciliation automation NetSuite
https://www.maxima.ai/articles/the-definitive-guide-to-reconciliations-in-accounting,Reconciliations in accounting: the definitive guide,85,reconciliations in accounting,accounting reconciliation guide,types of reconciliation in accounting
https://www.maxima.ai/articles/the-office-of-the-cfo-in-2030-how-ai-agents-change-the-equation,The office of the CFO in 2030: how AI Agents change the equation,86,office of the CFO 2030,AI agents CFO,agentic AI accounting
https://www.maxima.ai/articles/what-is-variance-analysis-a-complete-guide,Variance analysis: the definitive guide to explaining the numbers without the grind,78,variance analysis,variance analysis guide,what is variance analysis
https://www.maxima.ai/articles/why-blackline-s-former-cmo-is-investing-in-maxima,Why BlackLine's former CMO is investing in Maxima,78,maxima ai accounting platform,agentic AI accounting,Andres Botero Maxima interview
https://www.maxima.ai/blog,"Accounting, Financial Close, and AI Insights | Maxima Blog",69,AI for accounting blog,accounting automation blog,financial close software blog
https://www.maxima.ai/book-a-demo,Book a Demo of Maxima | AI Accounting Automation,82,Book a demo Maxima AI,AI accounting automation demo,Maxima accounting software demo
https://www.maxima.ai/careers,Careers at Maxima | Build the Future of Accounting,66,careers at Maxima,Maxima careers,enterprise accounting careers
https://www.maxima.ai/how-it-works,How AI Accounting Automation Works | Maxima,83,AI accounting automation,record-to-report automation,AI-powered accounting platform
https://www.maxima.ai/legal,Maxima.ai — Agentic AI Accounting for Modern Finance Teams,85,cookie policy,Maxima cookie policy,Indus AI cookie policy
https://www.maxima.ai/legal/cookie-policy,Cookie Policy,76,cookie policy,Maxima cookie policy,Indus AI cookie policy
https://www.maxima.ai/legal/privacy-policy,Privacy Policy,78,Maxima privacy policy,privacy policy for Maxima AI,Indus AI Technologies privacy policy
https://www.maxima.ai/legal/terms-of-service,Terms of Service,84,Maxima Terms of Service,Terms of Service Maxima AI,Maxima AI terms
https://www.maxima.ai/maxima-vs-floqast,Maxima vs FloQast | AI Accounting Automation for Close,81,Maxima vs FloQast,FloQast alternative for close automation,AI accounting automation for month-end close
https://www.maxima.ai/newsroom,"Maxima Newsroom | Press, Announcements, and Media",84,Maxima Newsroom,Maxima AI newsroom,Maxima press releases
https://www.maxima.ai/product-overview,Maxima | Product Overview,85,Maxima product overview,AI-native accounting software,close the books software
https://www.maxima.ai/security,"Maxima Security | Compliance, Data Privacy, Secure Infrastructure",83,maxima security,enterprise accounting security,SOC 1 SOC 2 Type II compliance